{
  "images": [
    {
      "src": "PXL_20260102_091105359.webp",
      "width": 2000,
      "height": 1506,
      "aspectRatio": 1.3280212483399734
    },
    {
      "src": "PXL_20260102_091459463.webp",
      "width": 1500,
      "height": 1130,
      "aspectRatio": 1.3274336283185841
    },
    {
      "src": "PXL_20260102_092550759.webp",
      "width": 1130,
      "height": 1500,
      "aspectRatio": 0.7533333333333333
    },
    {
      "src": "PXL_20260102_094635173.webp",
      "width": 2000,
      "height": 1506,
      "aspectRatio": 1.3280212483399734
    }
  ]
}